时间,震级,地点,前半段深度TSE,后半段深度TSE,深度变化,前半段震级TSE,后半段震级TSE,震级变化,前震数量
2020-10-30 11:51:27.348000,7.0,"13 km NNE of Néon Karlovásion, Greece",1.4973,1.4973,0.0000,1.4892,1.4317,0.0575,10
2020-10-19 20:54:38.950000,7.6,"2020 Sand Point, Alaska Earthquake",1.4973,1.4981,-0.0008,1.4973,1.4830,0.0142,11
2020-07-22 06:12:44.810000,7.8,"2020 Perryville, Alaska Earthquake",1.4876,1.4778,0.0097,1.4986,1.5000,-0.0014,14
2020-07-17 02:50:22.178000,7.0,"114 km NNW of Popondetta, Papua New Guinea",1.4527,1.4986,-0.0459,1.4527,1.4876,-0.0349,13
2020-06-23 15:29:04.350000,7.4,"9 km SE of Santa María Xadani, Mexico",1.5000,1.4892,0.0108,1.4958,1.4564,0.0393,9
2020-06-18 12:49:53.844000,7.4,south of the Kermadec Islands,1.4925,1.5000,-0.0075,1.4925,1.4986,-0.0061,13
2020-03-25 02:49:21.160000,7.5,"221 km SSE of Severo-Kuril’sk, Russia",1.4981,1.4981,0.0000,1.4925,1.4527,0.0398,12
2020-02-13 10:33:44.406000,7.0,"95 km ENE of Kuril’sk, Russia",1.4317,1.4981,-0.0665,1.4564,1.4527,0.0037,11
2020-01-28 19:10:24.918000,7.7,"123 km NNW of Lucea, Jamaica",1.4698,1.4986,-0.0288,1.4981,1.4876,0.0106,13
2019-11-14 16:17:40.578000,7.1,"141 km NW of Ternate, Indonesia",1.4698,1.4986,-0.0288,1.5000,1.4945,0.0055,13
2019-07-14 09:10:51.523000,7.2,"155 km SSE of Sofifi, Indonesia",1.4945,1.4778,0.0166,1.5000,1.4778,0.0222,14
2019-07-06 03:19:53.040000,7.1,Ridgecrest Earthquake Sequence,1.5000,1.4981,0.0019,1.4973,1.4830,0.0142,11
2019-06-24 02:53:39.830000,7.3,Banda Sea,1.4925,1.4698,0.0227,1.4830,1.4830,0.0000,12
2019-06-15 22:55:04.130000,7.3,"Kermadec Islands, New Zealand",1.4317,1.4925,-0.0608,1.5000,1.4981,0.0019,12
2019-05-26 07:41:15.073000,8.0,"78 km NE of Navarro, Peru",1.5000,1.4698,0.0302,1.5000,1.4925,0.0075,12
2019-05-14 12:58:25.939000,7.6,"48 km NE of Kokopo, Papua New Guinea",1.4973,1.4564,0.0409,1.4892,1.4973,-0.0081,10
2019-05-06 21:19:37.983000,7.1,"32 km NW of Bulolo, Papua New Guinea",1.5000,1.4973,0.0027,1.5000,1.4892,0.0108,10
2019-03-01 08:50:42.591000,7.0,"22 km NNE of Azángaro, Peru",1.5000,1.4892,0.0108,1.4756,1.4973,-0.0217,10
2019-02-22 10:17:23.770000,7.5,"115 km ESE of Palora, Ecuador",1.4925,1.4830,0.0094,1.4925,1.4925,0.0000,12
2018-12-29 03:39:09.740000,7.0,"96 km ESE of Pondaguitan, Philippines",1.4981,1.4925,0.0056,1.4830,1.4981,-0.0151,12
2018-12-20 17:01:55.150000,7.3,"187 km SE of Ust’-Kamchatsk Staryy, Russia",1.4830,1.4892,-0.0061,1.4317,1.4756,-0.0439,9
2018-12-11 02:26:29.420000,7.1,South Sandwich Islands region,1.4756,1.5000,-0.0244,1.4317,1.4973,-0.0656,10
2018-12-05 04:18:08.420000,7.5,"166 km ESE of Tadine, New Caledonia",1.4892,1.4830,0.0061,1.4756,1.4527,0.0229,11
2018-11-30 17:29:29.330000,7.1,"1 km SE of Point MacKenzie, Alaska",1.4981,1.4830,0.0151,1.4527,1.4981,-0.0454,12
2018-10-10 20:48:20.100000,7.0,"119 km E of Kimbe, Papua New Guinea",1.4892,1.4981,-0.0090,1.4973,1.4925,0.0048,11
2018-09-28 10:02:45.250000,7.5,"72 km N of Palu, Indonesia",1.4981,1.4981,0.0000,1.4527,1.4698,-0.0171,12
2018-09-06 15:49:18.710000,7.9,"45 km S of Levuka, Fiji",1.5000,1.4892,0.0108,1.4973,1.4564,0.0409,10
2018-08-29 03:51:56.100000,7.1,"238 km ESE of Tadine, New Caledonia",1.4564,1.5000,-0.0436,1.4973,1.4981,-0.0008,11
2018-08-24 09:04:08.250000,7.1,"136 km W of Iñapari, Peru",1.4892,1.4981,-0.0090,1.4756,1.4527,0.0229,11
2018-08-21 21:31:47.600000,7.3,"40 km ENE of Carúpano, Venezuela",1.4973,1.5000,-0.0027,1.4756,1.4981,-0.0226,11
2018-08-19 00:19:40.670000,8.2,2018 Fiji Earthquake,1.4527,1.4925,-0.0398,1.4317,1.4981,-0.0665,12
2018-02-25 17:44:44.140000,7.5,"32 km SW of Tari, Papua New Guinea",1.4925,1.4653,0.0272,1.4698,1.4876,-0.0178,13
2018-02-16 23:39:39.280000,7.2,"4 km S of Pinotepa de Don Luis, Mexico",1.4527,1.4830,-0.0304,1.4527,1.4981,-0.0454,12
2018-01-23 09:31:40.890000,7.9,"261 km SE of Chiniak, Alaska",1.4317,1.4892,-0.0575,1.4973,1.4756,0.0217,10
2018-01-14 09:18:45.540000,7.1,"37 km W of Atiquipa, Peru",1.4892,1.4756,0.0136,1.4892,1.4756,0.0136,10
2018-01-10 02:51:33.290000,7.5,"203 km NNE of Barra Patuca, Honduras",1.4564,1.5000,-0.0436,1.4564,1.4892,-0.0327,10
2017-11-19 22:43:29.250000,7.0,"85 km ENE of Tadine, New Caledonia",1.4973,1.4973,0.0000,1.4564,1.5000,-0.0436,10
2017-11-12 18:18:17.180000,7.3,"29 km S of ?alabja, Iraq",1.5000,1.5000,0.0000,1.4981,1.4986,-0.0005,13
2017-09-19 18:14:38.090000,7.1,"1 km S of Matzaco, Mexico",1.5000,1.5000,0.0000,1.4698,1.4653,0.0045,13
2017-09-08 04:49:19.180000,8.2,"2017 Tehuantepec, Mexico Earthquake",1.5000,1.4317,0.0683,1.4830,1.4973,-0.0142,9
2017-07-17 23:34:13.740000,7.7,"Komandorskiye Ostrova, Russia region",1.5000,1.4066,0.0934,1.4830,1.4925,-0.0094,12
2017-01-22 04:30:22.960000,7.9,"35 km WNW of Panguna, Papua New Guinea",1.5000,1.4778,0.0222,1.4066,1.4986,-0.0920,13
2017-01-10 06:13:48.140000,7.3,"189 km SSE of Tabiauan, Philippines",1.5000,1.5000,0.0000,1.4564,1.4973,-0.0409,10
2016-12-25 14:22:27.010000,7.6,"41 km SW of Quellón, Chile",1.5000,1.4830,0.0170,1.5000,1.4981,0.0019,11
2016-12-17 10:51:10.500000,7.9,"140 km E of Kokopo, Papua New Guinea",1.4892,1.4925,-0.0033,1.4892,1.5000,-0.0108,11
2016-12-08 17:38:46.280000,7.8,"69 km WSW of Kirakira, Solomon Islands",1.4892,1.4925,-0.0033,1.4892,1.4830,0.0061,11
2016-11-13 11:02:56.340000,7.8,"53 km NNE of Amberley, New Zealand",1.4830,1.4527,0.0304,1.4830,1.4981,-0.0151,12
2016-09-01 16:37:57.300000,7.0,"175 km NE of Gisborne, New Zealand",1.4973,1.4925,0.0048,1.4317,1.4527,-0.0210,11
2016-08-29 04:29:57.860000,7.1,north of Ascension Island,1.4564,1.4973,-0.0409,1.4892,1.4892,0.0000,10
2016-08-19 07:32:22.710000,7.4,South Georgia Island region,1.4973,1.5000,-0.0027,1.4011,1.4830,-0.0819,11
2016-08-12 01:26:36.280000,7.2,southeast of the Loyalty Islands,1.5000,1.5000,0.0000,1.4973,1.4066,0.0907,11
2016-07-29 21:18:24.740000,7.7,"Pagan region, Northern Mariana Islands",1.4958,1.4756,0.0202,1.4958,1.5000,-0.0042,9
2016-05-28 09:46:59.780000,7.2,South Sandwich Islands region,1.4527,1.4986,-0.0459,1.5000,1.4499,0.0501,13
2016-04-28 19:33:24.070000,7.0,"3 km NW of Norsup, Vanuatu",1.4981,1.4830,0.0151,1.4830,1.4925,-0.0094,12
2016-04-16 23:58:36.980000,7.8,"27 km SSE of Muisne, Ecuador",1.4830,1.4981,-0.0151,1.4698,1.4830,-0.0132,12
2016-04-15 16:25:06.220000,7.0,"6 km ESE of Kumamoto, Japan",1.4698,1.4925,-0.0227,1.4698,1.4925,-0.0227,12
2016-03-02 12:49:48.110000,7.8,"southwest of Sumatra, Indonesia",1.4892,1.4925,-0.0033,1.4564,1.4830,-0.0266,11
2016-01-30 03:25:12.220000,7.2,"80 km S of Mil’kovo, Russia",1.4892,1.4756,0.0136,1.4973,1.4973,0.0000,10
2016-01-24 10:30:29.557000,7.1,"47 km ESE of Pedro Bay, Alaska",1.5000,1.5000,0.0000,1.4653,1.4986,-0.0333,14
2015-12-07 07:50:05.950000,7.2,"104 km W of Murghob, Tajikistan",1.4756,1.4981,-0.0226,1.4892,1.4698,0.0194,11
2015-12-04 22:25:00.110000,7.1,southeast Indian Ridge,1.4830,1.4981,-0.0151,1.5000,1.4698,0.0302,12
2015-11-24 22:50:54.370000,7.6,"185 km WNW of Iñapari, Peru",1.5000,1.4830,0.0170,1.4973,1.5000,-0.0027,11
2015-11-24 22:45:38.880000,7.6,"155 km WNW of Iñapari, Peru",1.4981,1.4986,-0.0005,1.4066,1.5000,-0.0934,13
2015-10-26 09:09:42.560000,7.5,"Hindu Kush region, Afghanistan",1.5000,1.5000,0.0000,1.4892,1.4973,-0.0081,10
2015-10-20 21:52:02.560000,7.1,"31 km NE of Port-Olry, Vanuatu",1.5000,1.4925,0.0075,1.4973,1.4317,0.0656,11
2015-09-16 23:18:41.850000,7.0,"25 km WNW of Illapel, Chile",1.4892,1.4981,-0.0090,1.4317,1.4317,0.0000,11
2015-09-16 22:54:32.860000,8.3,"48 km W of Illapel, Chile",1.4973,1.4892,0.0081,1.5000,1.4892,0.0108,10
2015-07-27 21:41:21.710000,7.0,"234 km W of Abepura, Indonesia",1.4830,1.4527,0.0304,1.4981,1.4981,0.0000,12
2015-07-18 02:27:33.820000,7.0,"80 km WNW of Lata, Solomon Islands",1.4830,1.4698,0.0132,1.4981,1.4830,0.0151,12
2015-06-17 12:51:32.790000,7.0,southern Mid-Atlantic Ridge,1.4973,1.4925,0.0048,1.4973,1.4698,0.0275,11
2015-05-30 11:23:02.110000,7.8,"Bonin Islands, Japan region",1.4981,1.4876,0.0106,1.4981,1.4945,0.0036,13
2015-05-12 07:05:19.730000,7.3,Nepal,1.4830,1.5000,-0.0170,1.4958,1.4756,0.0202,9
2015-05-07 07:10:19.590000,7.1,"143 km SW of Panguna, Papua New Guinea",1.4973,1.4981,-0.0008,1.5000,1.5000,0.0000,11
2015-05-05 01:44:06.380000,7.5,"131 km SSW of Kokopo, Papua New Guinea",1.4981,1.4830,0.0151,1.5000,1.4925,0.0075,12
2015-04-25 06:11:25.950000,7.8,"67 km NNE of Bharatpur, Nepal",1.4981,1.5000,-0.0019,1.4981,1.4986,-0.0005,13
2015-03-29 23:48:31.010000,7.5,"53 km SE of Kokopo, Papua New Guinea",1.4527,1.4925,-0.0398,1.4925,1.4527,0.0398,12
2015-02-27 13:45:05.370000,7.0,"150 km NNE of Maumere, Indonesia",1.4756,1.4973,-0.0217,1.4973,1.4892,0.0081,10
2015-02-13 18:59:12.230000,7.1,northern Mid-Atlantic Ridge,1.4958,1.4564,0.0393,1.4830,1.4892,-0.0061,9
2014-11-15 02:31:41.720000,7.1,"155 km NW of Ternate, Indonesia",1.4830,1.5000,-0.0170,1.4958,1.4830,0.0127,8
2014-11-01 18:57:22.380000,7.1,Fiji region,1.4925,1.4925,0.0000,1.5000,1.4698,0.0302,12
2014-10-14 03:51:34.460000,7.3,"74 km S of Intipucá, El Salvador",1.4986,1.4499,0.0487,1.4986,1.4945,0.0041,14
2014-10-09 02:14:31.440000,7.0,southern East Pacific Rise,1.4925,1.5000,-0.0075,1.4830,1.4698,0.0132,12
2014-06-23 20:53:09.700000,7.9,"Rat Islands, Aleutian Islands, Alaska",1.4925,1.4698,0.0227,1.4925,1.4981,-0.0056,12
2014-04-19 13:28:00.810000,7.5,"70 km SW of Panguna, Papua New Guinea",1.4756,1.4981,-0.0226,1.4973,1.4527,0.0446,11
2014-04-18 14:27:24.920000,7.2,"9 km ENE of Coyuquilla Norte, Mexico",1.4981,1.4945,0.0036,1.4925,1.4986,-0.0061,13
2014-04-13 12:36:19.230000,7.4,"112 km S of Kirakira, Solomon Islands",1.4925,1.4698,0.0227,1.5000,1.5000,0.0000,12
2014-04-12 20:14:39.300000,7.6,"93 km SSE of Kirakira, Solomon Islands",1.5000,1.5000,0.0000,1.4892,1.5000,-0.0108,11
2014-04-11 07:07:23.130000,7.1,"56 km WSW of Panguna, Papua New Guinea",1.4958,1.4973,-0.0015,1.4958,1.4564,0.0393,9
2014-04-03 02:43:13.110000,7.7,"53 km SW of Iquique, Chile",1.5000,1.4973,0.0027,1.4756,1.5000,-0.0244,10
2014-04-01 23:46:47.260000,8.2,"93 km NW of Iquique, Chile",1.4986,1.4945,0.0041,1.4986,1.4945,0.0041,14
2013-11-25 06:27:33.300000,7.0,Falkland Islands region,1.4830,1.4973,-0.0142,1.4958,1.5000,-0.0042,9
2013-11-17 09:04:55.530000,7.7,Scotia Sea,1.4756,1.4973,-0.0217,1.4973,1.4973,0.0000,10
2013-10-25 17:10:19.710000,7.1,"off the east coast of Honshu, Japan",1.4564,1.4892,-0.0327,1.4973,1.4973,0.0000,10
2013-10-15 00:12:32.050000,7.1,"4 km SE of Sagbayan, Philippines",1.4981,1.4945,0.0036,1.4698,1.4945,-0.0247,13
2013-09-25 16:42:43.170000,7.1,"16 km WSW of Atiquipa, Peru",1.5000,1.4892,0.0108,1.4892,1.4564,0.0327,10
2013-09-24 11:29:47.970000,7.7,"113 km NW of Bela, Pakistan",1.4981,1.4925,0.0056,1.4925,1.5000,-0.0075,12
2013-08-30 16:25:02.300000,7.0,"101 km SW of Atka, Alaska",1.4973,1.4830,0.0142,1.4973,1.4981,-0.0008,11
2013-07-15 14:03:39.880000,7.3,South Sandwich Islands region,1.4981,1.5000,-0.0019,1.4981,1.4981,0.0000,12
2013-07-07 18:35:30.740000,7.3,"190 km ENE of Kokopo, Papua New Guinea",1.4830,1.4981,-0.0151,1.5000,1.4981,0.0019,12
2013-05-24 05:44:48.980000,8.3,2013 Sea of Okhotsk Earthquake,1.5000,1.4973,0.0027,1.4830,1.4892,-0.0061,9
2013-05-23 17:19:04.750000,7.4,"292 km SW of Vaini, Tonga",1.4892,1.5000,-0.0108,1.4973,1.4981,-0.0008,11
2013-04-19 03:05:52.650000,7.2,"252 km ENE of Kuril’sk, Russia",1.4892,1.4973,-0.0081,1.4317,1.4756,-0.0439,10
2013-04-16 10:44:20.180000,7.7,"79 km ESE of Kh?sh, Iran",1.5000,1.4925,0.0075,1.4973,1.5000,-0.0027,11
2013-04-06 04:42:35.860000,7.0,"260 km WSW of Abepura, Indonesia",1.4778,1.5000,-0.0222,1.4986,1.4989,-0.0003,15
2013-02-08 15:26:38.470000,7.1,"32 km SE of Lata, Solomon Islands",1.4756,1.4830,-0.0075,1.4892,1.4830,0.0061,11
2013-02-06 01:54:14.610000,7.0,"33 km NW of Lata, Solomon Islands",1.5000,1.4778,0.0222,1.4925,1.4778,0.0146,13
2013-02-06 01:23:19.760000,7.1,"112 km WSW of Lata, Solomon Islands",1.5000,1.5000,0.0000,1.4892,1.4981,-0.0090,11
2013-02-06 01:12:25.830000,8.0,2013 Santa Cruz Islands Earthquake,1.4830,1.4698,0.0132,1.4317,1.4698,-0.0382,12
2013-01-05 08:58:14.957000,7.5,"110 km SW of Edna Bay, Alaska",1.5000,1.4973,0.0027,1.4973,1.4892,0.0081,10
2012-12-10 16:53:08.770000,7.1,Banda Sea,1.4981,1.4698,0.0283,1.4925,1.5000,-0.0075,12
2012-12-07 08:18:23.130000,7.3,"234 km SE of ?funato, Japan",1.4981,1.4830,0.0151,1.4925,1.4925,0.0000,12
2012-11-07 16:35:46.930000,7.4,"33 km S of Champerico, Guatemala",1.4564,1.4973,-0.0409,1.4756,1.5000,-0.0244,10
2012-10-28 03:04:08.820000,7.8,"206 km SW of Prince Rupert, Canada",1.4958,1.4973,-0.0015,1.4958,1.4756,0.0202,9
2012-09-30 16:31:35.970000,7.3,"11 km WNW of San Agustín, Colombia",1.4981,1.4925,0.0056,1.4830,1.4981,-0.0151,12
2012-09-05 14:42:07.800000,7.6,"11 km ENE of Hojancha, Costa Rica",1.4973,1.4756,0.0217,1.4892,1.4892,0.0000,10
2012-08-31 12:47:33.380000,7.6,"89 km E of Sulangan, Philippines",1.4617,1.4892,-0.0274,1.4958,1.5000,-0.0042,9
2012-08-27 04:37:19.430000,7.3,"126 km S of Puerto El Triunfo, El Salvador",1.4564,1.4973,-0.0409,1.4564,1.4756,-0.0191,10
2012-08-14 02:59:38.460000,7.7,"156 km ENE of Poronaysk, Russia",1.4527,1.4698,-0.0171,1.4925,1.4925,0.0000,12
2012-04-12 07:15:48.500000,7.0,"69 km ENE of San Luis, Mexico",1.4317,1.4981,-0.0665,1.4756,1.4925,-0.0169,11
2012-04-11 10:43:10.850000,8.2,2012 Wharton Basin Aftershock,1.5000,1.4945,0.0055,1.5000,1.5000,0.0000,13
2012-04-11 08:38:36.720000,8.6,2012 Wharton Basin Earthquake,1.4973,1.5000,-0.0027,1.5000,1.4973,0.0027,10
2012-03-25 22:37:06,7.1,"23 km NE of Constitución, Chile",1.4892,1.4973,-0.0081,1.5000,1.4317,0.0683,10
2012-03-20 18:02:47.440000,7.4,"6 km E of Santiago Llano Grande, Mexico",1.5000,1.4925,0.0075,1.4830,1.4925,-0.0094,12
2012-02-02 13:34:40.650000,7.1,"125 km W of Port-Vila, Vanuatu",1.4925,1.3589,0.1336,1.4925,1.4986,-0.0061,13
2012-01-10 18:36:59.080000,7.2,off the west coast of northern Sumatra,1.5000,1.4945,0.0055,1.4981,1.4499,0.0482,13
2011-12-14 05:04:58.630000,7.1,"25 km SSE of Wau, Papua New Guinea",1.4892,1.4925,-0.0033,1.4973,1.4925,0.0048,11
2011-10-23 10:41:23.250000,7.1,"27 km NNE of Van, Turkey",1.4527,1.4830,-0.0304,1.4925,1.4698,0.0227,12
2011-10-21 17:57:16.100000,7.4,Kermadec Islands region,1.4973,1.4981,-0.0008,1.4973,1.4981,-0.0008,11
2011-09-15 19:31:04.080000,7.3,Fiji region,1.4011,1.4981,-0.0970,1.4011,1.4925,-0.0914,11
2011-09-03 22:55:40.920000,7.0,"133 km SSE of Isangel, Vanuatu",1.4892,1.4527,0.0365,1.4973,1.4527,0.0446,11
2011-08-24 17:46:11.650000,7.0,"64 km ESE of Contamana, Peru",1.4830,1.4830,0.0000,1.4698,1.4981,-0.0283,12
2011-08-20 18:19:23.550000,7.1,"64 km S of Port-Vila, Vanuatu",1.5000,1.4778,0.0222,1.4925,1.4876,0.0049,13
2011-08-20 16:55:02.810000,7.2,"71 km SSW of Port-Vila, Vanuatu",1.5000,1.4925,0.0075,1.4317,1.4925,-0.0608,12
2011-07-10 00:57:10.800000,7.0,"177 km ESE of Ishinomaki, Japan",1.5000,1.5000,0.0000,1.4756,1.4756,0.0000,10
2011-07-06 19:03:18.260000,7.6,Kermadec Islands region,1.4973,1.4981,-0.0008,1.5000,1.4925,0.0075,11
2011-06-24 03:09:39.470000,7.3,"Fox Islands, Aleutian Islands, Alaska",1.4958,1.4756,0.0202,1.4830,1.5000,-0.0170,9
2011-04-07 14:32:43.290000,7.1,"29 km ESE of Ishinomaki, Japan",1.5000,1.4830,0.0170,1.5000,1.4925,0.0075,11
2011-03-11 06:25:50.300000,7.7,"272 km ESE of Kamaishi, Japan",1.5000,1.4973,0.0027,1.5000,1.5000,0.0000,10
2011-03-11 06:15:40.280000,7.9,"47 km E of ?arai, Japan",1.4981,1.4925,0.0056,1.4981,1.4981,0.0000,12
2011-03-11 05:46:24.120000,9.1,"2011 Great Tohoku Earthquake, Japan",1.4317,1.4973,-0.0656,1.4564,1.4756,-0.0191,10
2011-03-09 02:45:20.330000,7.3,"120 km SE of ?funato, Japan",1.4973,1.4925,0.0048,1.4892,1.5000,-0.0108,11
2011-01-18 20:23:23.480000,7.2,"46 km WSW of Dalbandin, Pakistan",1.5000,1.4830,0.0170,1.4892,1.4527,0.0365,11
2011-01-13 16:16:41.540000,7.0,"118 km NNE of Tadine, New Caledonia",1.4617,1.4973,-0.0356,1.4958,1.4892,0.0066,9
2011-01-02 20:20:17.780000,7.2,"42 km NNW of Carahue, Chile",1.4981,1.4876,0.0106,1.4925,1.5000,-0.0075,13
2011-01-01 09:56:58.120000,7.0,"26 km NNE of El Hoyo, Argentina",1.4698,1.4981,-0.0283,1.4981,1.4830,0.0151,12
2010-12-25 13:16:37,7.3,"141 km W of Isangel, Vanuatu",1.4617,1.4973,-0.0356,1.4830,1.4892,-0.0061,9
2010-12-21 17:19:40.660000,7.4,"Bonin Islands, Japan region",1.5000,1.4653,0.0347,1.4981,1.4945,0.0036,13
2010-10-25 14:42:22.460000,7.8,"215 km SW of Sungai Penuh, Indonesia",1.5000,1.4892,0.0108,1.4973,1.4756,0.0217,10
2010-09-29 17:11:25.940000,7.0,"Near the south coast of Papua, Indonesia",1.4564,1.4981,-0.0417,1.4564,1.4830,-0.0266,11
2010-09-03 16:35:47.770000,7.0,"19 km NE of Methven, New Zealand",1.4981,1.4981,0.0000,1.4925,1.5000,-0.0075,12
2010-08-12 11:54:15.580000,7.1,Ecuador,1.4892,1.4925,-0.0033,1.4892,1.4981,-0.0090,11
2010-08-10 05:23:44.980000,7.3,"33 km NW of Port-Vila, Vanuatu",1.4011,1.5000,-0.0989,1.4564,1.4973,-0.0409,10
2010-08-04 22:01:43.620000,7.0,"72 km ESE of Kimbe, Papua New Guinea",1.4958,1.4973,-0.0015,1.4830,1.4564,0.0266,9
2010-07-23 23:15:10.190000,7.5,"72 km S of Panubigan, Philippines",1.5000,1.5000,0.0000,1.5000,1.5000,0.0000,10
2010-07-23 22:51:11.840000,7.6,"61 km W of Bantogon, Philippines",1.4317,1.5000,-0.0683,1.4756,1.4830,-0.0075,11
2010-07-23 22:08:11.250000,7.3,"68 km W of Gadung, Philippines",1.4973,1.4892,0.0081,1.4011,1.4973,-0.0962,10
2010-07-18 13:34:59.360000,7.3,"New Britain region, Papua New Guinea",1.4698,1.4981,-0.0283,1.4981,1.4698,0.0283,12
2010-06-16 03:16:27.550000,7.0,"121 km SSE of Biak, Indonesia",1.4698,1.5000,-0.0302,1.4925,1.4925,0.0000,12
2010-06-12 19:26:50.460000,7.5,"Nicobar Islands, India region",1.5000,1.5000,0.0000,1.5000,1.4925,0.0075,11
2010-05-27 17:14:46.570000,7.2,"100 km WNW of Sola, Vanuatu",1.4698,1.4527,0.0171,1.4698,1.4066,0.0632,12
2010-05-09 05:59:41.620000,7.2,"45 km SSW of Meulaboh, Indonesia",1.4958,1.4892,0.0066,1.4617,1.4892,-0.0274,9
2010-04-06 22:15:01.580000,7.8,"75 km E of Sinabang, Indonesia",1.5000,1.4756,0.0244,1.5000,1.4973,0.0027,10
2010-04-04 22:40:42.360000,7.2,"The 2010 Sierra El Mayor, B.C., Mexico Earthquake",1.4892,1.4698,0.0194,1.4973,1.4925,0.0048,11
2010-03-11 14:55:27.510000,7.0,"52 km NW of Santa Cruz, Chile",1.5000,1.4945,0.0055,1.4925,1.4945,-0.0020,13
2010-02-27 08:01:23.010000,7.4,"124 km W of Lebu, Chile",1.4981,1.4925,0.0056,1.4698,1.4925,-0.0227,12
2010-02-27 06:34:11.530000,8.8,"2010 Maule, Chile Earthquake",1.4892,1.4925,-0.0033,1.4011,1.4981,-0.0970,11
2010-02-26 20:31:26.970000,7.0,"70 km SE of Katsuren-haebaru, Japan",1.4892,1.4830,0.0061,1.4317,1.4698,-0.0382,11
2010-01-12 21:53:10.060000,7.0,"10 km SE of Léogâne, Haiti",1.4981,1.5000,-0.0019,1.4830,1.4981,-0.0151,12
2010-01-03 22:36:25.640000,7.1,"94 km SE of Gizo, Solomon Islands",1.4617,1.4973,-0.0356,1.4317,1.4892,-0.0575,9
2009-11-09 10:44:55.110000,7.3,"77 km ENE of Ba, Fiji",1.4958,1.4973,-0.0015,1.4958,1.5000,-0.0042,9
2009-10-07 23:13:48.160000,7.4,"143 km NW of Sola, Vanuatu",1.4925,1.4981,-0.0056,1.4925,1.4925,0.0000,12
2009-10-07 22:18:51.240000,7.8,"196 km NW of Sola, Vanuatu",1.4973,1.4830,0.0142,1.4973,1.4925,0.0048,11
2009-10-07 22:03:14.470000,7.7,"148 km NW of Sola, Vanuatu",1.4925,1.5000,-0.0075,1.4830,1.4981,-0.0151,12
2009-09-30 10:16:09.250000,7.6,"30 km WSW of Pariaman, Indonesia",1.4756,1.4973,-0.0217,1.4973,1.5000,-0.0027,10
2009-09-29 17:48:10.990000,8.1,2009 Samoa Earthquake,1.4756,1.4698,0.0058,1.4892,1.4830,0.0061,11
2009-09-02 07:55:01.050000,7.0,"66 km SSW of Banjar, Indonesia",1.5000,1.4756,0.0244,1.4892,1.4011,0.0881,10
2009-08-10 19:55:38.730000,7.5,"266 km N of Bamboo Flat, India",1.4756,1.4981,-0.0226,1.4973,1.4698,0.0275,11
2009-08-09 10:55:55.110000,7.1,"161 km S of ?yama, Japan",1.4981,1.4925,0.0056,1.4698,1.4981,-0.0283,12
2009-07-15 09:22:29.030000,7.8,"97 km WSW of Te Anau, New Zealand",1.4981,1.4830,0.0151,1.4830,1.4981,-0.0151,12
2009-05-28 08:24:46.560000,7.3,"46 km NW of Guanaja, Honduras",1.4830,1.4317,0.0514,1.4925,1.4698,0.0227,12
2009-03-19 18:17:40.470000,7.6,"191 km S of ‘Ohonua, Tonga",1.4958,1.4973,-0.0015,1.4617,1.4564,0.0053,9
2009-02-18 21:53:45.160000,7.0,Kermadec Islands region,1.4973,1.4698,0.0275,1.3646,1.4925,-0.1279,11
2009-02-11 17:34:50.490000,7.2,"196 km SSE of Sarangani, Philippines",1.4892,1.4830,0.0061,1.4756,1.4981,-0.0226,11
2009-01-15 17:49:39.070000,7.4,east of the Kuril Islands,1.4317,1.4756,-0.0439,1.4892,1.4892,0.0000,10
2009-01-03 22:33:40.290000,7.4,"86 km WNW of Manokwari, Indonesia",1.4925,1.4499,0.0425,1.4981,1.4499,0.0482,13
2009-01-03 19:43:50.650000,7.7,"140 km WNW of Manokwari, Indonesia",1.4986,1.4986,0.0000,1.4986,1.4104,0.0882,14
2008-11-24 09:02:58.760000,7.3,"284 km WSW of Mil’kovo, Russia",1.5000,1.4981,0.0019,1.4973,1.4925,0.0048,11
2008-11-16 17:02:32.700000,7.4,"135 km NW of Gorontalo, Indonesia",1.4981,1.4104,0.0877,1.5000,1.5000,0.0000,13
2008-09-29 15:19:31.590000,7.0,"Kermadec Islands, New Zealand",1.4830,1.4756,0.0075,1.4830,1.5000,-0.0170,9
2008-07-19 02:39:28.700000,7.0,"107 km E of Namie, Japan",1.4958,1.4892,0.0066,1.4830,1.4892,-0.0061,9
2008-07-05 02:12:04.480000,7.7,Sea of Okhotsk,1.4564,1.4981,-0.0417,1.4756,1.4925,-0.0169,11
2008-06-30 06:17:43.020000,7.0,South Sandwich Islands region,1.4958,1.4973,-0.0015,1.4830,1.5000,-0.0170,9
2008-05-12 06:28:01.570000,7.9,"58 km W of Tianpeng, China",1.5000,1.4973,0.0027,1.4830,1.4564,0.0266,9
2008-04-12 00:30:12.600000,7.1,Macquarie Island region,1.4756,1.4756,0.0000,1.4756,1.4973,-0.0217,10
2008-04-09 12:46:12.720000,7.3,"71 km SW of Isangel, Vanuatu",1.4011,1.4973,-0.0962,1.4756,1.4892,-0.0136,10
2008-03-20 22:32:57.930000,7.2,"226 km SE of Hotan, China",1.4876,1.4104,0.0771,1.5000,1.4945,0.0055,14
2008-02-25 08:36:33.030000,7.2,"164 km WSW of Sungai Penuh, Indonesia",1.4925,1.4698,0.0227,1.4527,1.4527,0.0000,12
2008-02-20 08:08:30.520000,7.4,"56 km NW of Sinabang, Indonesia",1.4892,1.4830,0.0061,1.4973,1.4698,0.0275,11
2007-12-19 09:30:27.930000,7.2,"207 km WSW of Adak, Alaska",1.5000,1.4981,0.0019,1.4892,1.4925,-0.0033,11
2007-12-09 07:28:20.820000,7.8,south of the Fiji Islands,1.4564,1.4830,-0.0266,1.4564,1.4925,-0.0361,11
2007-11-29 19:00:20.420000,7.4,"18 km WNW of Basse-Pointe, Martinique",1.4892,1.4830,0.0061,1.4564,1.4925,-0.0361,11
2007-11-14 15:40:50.530000,7.7,"36 km ESE of Tocopilla, Chile",1.4925,1.4986,-0.0061,1.4925,1.4653,0.0272,13
2007-10-31 03:30:15.960000,7.2,"Pagan region, Northern Mariana Islands",1.4830,1.4986,-0.0156,1.4981,1.4876,0.0106,13
2007-09-30 05:23:34.070000,7.4,"Auckland Islands, New Zealand region",1.4973,1.4527,0.0446,1.4892,1.5000,-0.0108,11
2007-09-28 13:38:57.880000,7.5,"Volcano Islands, Japan region",1.4756,1.5000,-0.0244,1.4756,1.4756,0.0000,10
2007-09-13 03:35:28.720000,7.0,"153 km SSW of Padang, Indonesia",1.4973,1.4756,0.0217,1.4892,1.5000,-0.0108,10
2007-09-12 23:49:03.720000,7.9,"87 km SW of Sungai Penuh, Indonesia",1.4892,1.4973,-0.0081,1.5000,1.4756,0.0244,10
2007-09-12 11:10:26.830000,8.4,"122 km SW of Bengkulu, Indonesia",1.5000,1.4925,0.0075,1.4981,1.4698,0.0283,12
2007-09-02 01:05:18.150000,7.2,"97 km S of Lata, Solomon Islands",1.4981,1.4981,0.0000,1.4925,1.5000,-0.0075,12
2007-08-15 23:40:57.890000,8.0,"41 km SW of San Vicente de Cañete, Peru",1.5000,1.4981,0.0019,1.4892,1.4981,-0.0090,11
2007-08-08 17:05:04.920000,7.5,"35 km NNE of Rengasdengklok, Indonesia",1.4698,1.4945,-0.0247,1.4698,1.4945,-0.0247,13
2007-08-01 17:08:51.400000,7.2,"56 km E of Luganville, Vanuatu",1.4981,1.4653,0.0328,1.4981,1.4778,0.0203,13
2007-04-01 20:39:58.710000,8.1,2007 Solomon Islands Earthquake,1.4892,1.4981,-0.0090,1.4973,1.4698,0.0275,11
2007-03-25 00:40:01.610000,7.1,"119 km S of Isangel, Vanuatu",1.4892,1.4830,0.0061,1.4564,1.5000,-0.0436,11
2007-01-21 11:27:45.060000,7.5,"126 km WNW of Ternate, Indonesia",1.4317,1.4973,-0.0656,1.4973,1.5000,-0.0027,10
2007-01-13 04:23:21.160000,8.1,2007 Kuril Islands Earthquake,1.4973,1.5000,-0.0027,1.4973,1.3774,0.1199,11
2006-12-26 12:26:21.140000,7.1,"30 km SW of Hengchun, Taiwan",1.5000,1.5000,0.0000,1.4973,1.4830,0.0142,11
2006-11-15 11:14:13.570000,8.3,2006 Kuril Islands Earthquake,1.4925,1.4830,0.0094,1.4925,1.4925,0.0000,12
2006-08-20 03:41:48.040000,7.0,Scotia Sea,1.4317,1.4973,-0.0656,1.5000,1.5000,0.0000,10
2006-07-17 08:19:26.680000,7.7,"226 km SSW of Singaparna, Indonesia",1.4981,1.4986,-0.0005,1.4698,1.4986,-0.0288,13
2006-05-16 10:39:23.340000,7.4,Kermadec Islands region,1.4756,1.4698,0.0058,1.4756,1.4925,-0.0169,11
2006-05-03 15:26:40.290000,8.0,2006 Tonga Earthquake,1.5000,1.4564,0.0436,1.5000,1.4973,0.0027,10
2006-04-20 23:25:02.150000,7.6,"80 km NE of Tilichiki, Russia",1.4830,1.4830,0.0000,1.4981,1.4925,0.0056,12
2006-02-22 22:19:07.800000,7.0,"160 km SE of Chipinge, Zimbabwe",1.5000,1.4756,0.0244,1.4892,1.4317,0.0575,10
2006-01-27 16:58:53.670000,7.6,"196 km S of Ambon, Indonesia",1.4892,1.4981,-0.0090,1.4756,1.4925,-0.0169,11
2006-01-02 22:13:40.490000,7.2,Fiji region,1.4892,1.4698,0.0194,1.4973,1.4830,0.0142,11
2006-01-02 06:10:49.760000,7.4,east of the South Sandwich Islands,1.4981,1.4981,0.0000,1.4925,1.4527,0.0398,12
2005-11-14 21:38:51.420000,7.0,"293 km ESE of Kamaishi, Japan",1.4986,1.4958,0.0028,1.4986,1.4958,0.0028,15
2005-10-08 03:50:40.800000,7.6,"21 km NNE of Muzaffar?b?d, Pakistan",1.4981,1.5000,-0.0019,1.4981,1.4778,0.0203,13
2005-09-26 01:55:37.670000,7.5,"39 km NW of Yurimaguas, Peru",1.4756,1.4830,-0.0075,1.4973,1.4981,-0.0008,11
2005-09-09 07:26:43.730000,7.6,"135 km E of Kokopo, Papua New Guinea",1.4756,1.4925,-0.0169,1.5000,1.4830,0.0170,11
2005-08-16 02:46:28.400000,7.2,"66 km ESE of Ishinomaki, Japan",1.4892,1.4981,-0.0090,1.4756,1.4698,0.0058,11
2005-07-24 15:42:06.210000,7.2,"Nicobar Islands, India region",1.4981,1.4925,0.0056,1.4981,1.4698,0.0283,12
2005-06-15 02:50:54.190000,7.2,"153 km W of Big Lagoon, California",1.4925,1.4981,-0.0056,1.4981,1.5000,-0.0019,12
2005-06-13 22:44:33.900000,7.8,"102 km ENE of Iquique, Chile",1.4756,1.5000,-0.0244,1.4756,1.4925,-0.0169,11
2005-03-28 16:09:36.530000,8.6,"78 km WSW of Singkil, Indonesia",1.5000,1.4830,0.0170,1.4756,1.4925,-0.0169,11
2005-03-02 10:42:12.230000,7.1,Banda Sea,1.4973,1.4698,0.0275,1.5000,1.4981,0.0019,11
2005-02-05 12:23:18.940000,7.1,"138 km SW of Palimbang, Philippines",1.4317,1.4892,-0.0575,1.4830,1.4564,0.0266,9
2004-12-26 04:21:29.810000,7.2,"284 km WNW of Sabang, Indonesia",1.4876,1.4986,-0.0111,1.4986,1.4986,0.0000,14
2004-12-26 00:58:53.450000,9.1,2004 Sumatra - Andaman Islands Earthquake,1.4564,1.4925,-0.0361,1.4011,1.4830,-0.0819,11
2004-12-23 14:59:04.410000,8.1,2004 Tasman Sea Earthquake,1.5000,1.4698,0.0302,1.5000,1.4981,0.0019,12
2004-11-28 18:32:14.130000,7.0,"51 km SW of Nemuro, Japan",1.4973,1.4698,0.0275,1.4973,1.4981,-0.0008,11
2004-11-26 02:25:03.310000,7.1,"29 km SSW of Nabire, Indonesia",1.4892,1.4066,0.0826,1.4756,1.4527,0.0229,11
2004-11-22 20:26:23.900000,7.1,"255 km W of Riverton, New Zealand",1.4830,1.4892,-0.0061,1.4958,1.4973,-0.0015,9
2004-11-15 09:06:56.560000,7.2,"32 km SSW of Pizarro, Colombia",1.4892,1.4892,0.0000,1.4564,1.4973,-0.0409,10
2004-11-11 21:26:41.150000,7.5,"63 km NW of Maubara, Timor Leste",1.4958,1.4756,0.0202,1.4317,1.4756,-0.0439,9
2004-10-09 21:26:53.690000,7.0,"43 km SSW of Masachapa, Nicaragua",1.4892,1.4892,0.0000,1.5000,1.4973,0.0027,10
2004-09-05 14:57:18.610000,7.4,"118 km ESE of Shing?, Japan",1.4973,1.4981,-0.0008,1.4973,1.5000,-0.0027,11
2004-09-05 10:07:07.820000,7.2,"94 km SE of Shing?, Japan",1.4981,1.4981,0.0000,1.4925,1.4698,0.0227,12
2004-07-25 14:35:19.060000,7.3,"100 km SSE of Jambi City, Indonesia",1.4564,1.4981,-0.0417,1.4973,1.4830,0.0142,11
2004-07-15 04:27:14.730000,7.1,"208 km ENE of Levuka, Fiji",1.4317,1.5000,-0.0683,1.5000,1.5000,0.0000,10
2004-02-07 02:42:35.210000,7.3,"Near the south coast of Papua, Indonesia",1.5000,1.4986,0.0014,1.4925,1.4986,-0.0061,13
2004-02-05 21:05:02.840000,7.0,"28 km S of Nabire, Indonesia",1.4892,1.4698,0.0194,1.5000,1.4981,0.0019,11
2004-01-03 16:23:21.020000,7.1,"202 km ESE of Tadine, New Caledonia",1.5000,1.4698,0.0302,1.4317,1.4925,-0.0608,11
2003-12-27 16:00:59.450000,7.3,"201 km ESE of Tadine, New Caledonia",1.5000,1.5000,0.0000,1.4756,1.5000,-0.0244,10
2003-11-17 06:43:06.800000,7.8,"Rat Islands, Aleutian Islands, Alaska",1.4830,1.4527,0.0304,1.5000,1.4981,0.0019,12
2003-10-31 01:06:28.280000,7.0,"133 km ESE of Ishinomaki, Japan",1.4892,1.4981,-0.0090,1.4756,1.4981,-0.0226,11
2003-09-27 11:33:25.080000,7.3,"29 km S of Aktash, Russia",1.4892,1.4830,0.0061,1.4317,1.4698,-0.0382,11
2003-09-25 21:08:00.030000,7.4,"119 km ESE of Shizunai-furukawach?, Japan",1.5000,1.4617,0.0383,1.4958,1.4958,0.0000,8
2003-09-25 19:50:06.360000,8.16,2003 Tokachi-Oki Earthquake,1.5000,1.4778,0.0222,1.4698,1.4876,-0.0178,13
2003-08-21 12:12:49.790000,7.2,"56 km NW of Te Anau, New Zealand",1.5000,1.4925,0.0075,1.4892,1.4925,-0.0033,11
2003-08-04 04:37:20.130000,7.6,Scotia Sea,1.4973,1.4892,0.0081,1.4756,1.4973,-0.0217,10
2003-07-15 20:27:50.530000,7.6,Carlsberg Ridge,1.4973,1.4564,0.0409,1.4892,1.4973,-0.0081,10
2003-06-20 06:19:38.910000,7.1,"105 km E of Cruzeiro do Sul, Brazil",1.4958,1.4973,-0.0015,1.4958,1.4756,0.0202,9
2003-05-26 19:23:27.940000,7.0,"116 km NE of Tobelo, Indonesia",1.4973,1.4698,0.0275,1.5000,1.5000,0.0000,11
2003-05-26 09:24:33.400000,7.0,"27 km SSW of ?funato, Japan",1.4925,1.4698,0.0227,1.4830,1.4527,0.0304,12
2003-03-17 16:36:17.310000,7.1,"Rat Islands, Aleutian Islands, Alaska",1.4973,1.4756,0.0217,1.4973,1.4564,0.0409,10
2003-01-22 02:06:34.610000,7.6,"16 km SSW of Cuyutlán, Mexico",1.4981,1.4945,0.0036,1.4981,1.4653,0.0328,13
2003-01-20 08:43:06.070000,7.3,"126 km W of Kirakira, Solomon Islands",1.4973,1.5000,-0.0027,1.5000,1.5000,0.0000,10
2002-11-17 04:53:53.540000,7.3,"262 km E of Dolinsk, Russia",1.4973,1.5000,-0.0027,1.4892,1.4756,0.0136,10
2002-11-03 22:12:41.518000,7.9,"2002 Denali Fault, Alaska Earthquake",1.5000,1.4011,0.0989,1.5000,1.4973,0.0027,9
2002-11-02 01:26:10.700000,7.4,"50 km NW of Sinabang, Indonesia",1.5000,1.4925,0.0075,1.5000,1.4981,0.0019,11
2002-10-10 10:50:20.570000,7.6,"102 km SSE of Manokwari, Indonesia",1.4564,1.4892,-0.0327,1.4892,1.4892,0.0000,10
2002-09-08 18:44:23.710000,7.6,"68 km ESE of Aitape, Papua New Guinea",1.5000,1.4317,0.0683,1.5000,1.4892,0.0108,10
2002-08-19 11:08:24.310000,7.7,south of the Fiji Islands,1.4973,1.4925,0.0048,1.5000,1.4698,0.0302,11
2002-08-19 11:01:01.190000,7.7,Fiji region,1.5000,1.4973,0.0027,1.4756,1.4973,-0.0217,10
2002-06-28 17:19:30.270000,7.3,"50 km SW of Dongning, China",1.4973,1.4698,0.0275,1.4892,1.4830,0.0061,11
2002-04-26 16:06:07,7.1,"20 km SSW of Merizo Village, Guam",1.4698,1.4830,-0.0132,1.4830,1.4925,-0.0094,12
2002-03-31 06:52:50.490000,7.1,"67 km ENE of Hualien City, Taiwan",1.5000,1.5000,0.0000,1.4981,1.5000,-0.0019,12
2002-03-05 21:16:09.130000,7.5,"Mindanao, Philippines",1.5000,1.4973,0.0027,1.4830,1.5000,-0.0170,9
2002-03-03 12:08:19.740000,7.4,"51 km SW of Jurm, Afghanistan",1.4698,1.5000,-0.0302,1.4981,1.4778,0.0203,13
2002-01-02 17:22:48.760000,7.2,"50 km WNW of Port-Vila, Vanuatu",1.4830,1.4986,-0.0156,1.4698,1.4778,-0.0080,13
2001-12-12 14:02:35.040000,7.1,south of Australia,1.5000,1.5000,0.0000,1.4756,1.4981,-0.0226,11
2001-11-14 09:26:10.010000,7.8,"Southern Qinghai, China",1.4973,1.4981,-0.0008,1.5000,1.4925,0.0075,11
2001-10-31 09:10:20,7.0,"40 km S of Kimbe, Papua New Guinea",1.4317,1.4317,0.0000,1.5000,1.4011,0.0989,10
2001-10-19 03:28:44.460000,7.5,"155 km E of Kendari, Indonesia",1.4892,1.5000,-0.0108,1.4892,1.4892,0.0000,10
2001-10-12 15:02:16.840000,7.0,"69 km SSE of Inarajan Village, Guam",1.4698,1.4981,-0.0283,1.5000,1.4698,0.0302,12
2001-08-21 06:52:06.250000,7.1,"295 km NE of Gisborne, New Zealand",1.5000,1.4778,0.0222,1.4981,1.4945,0.0036,13
2001-07-07 09:38:43.520000,7.6,"51 km SW of Punta de Bombón, Peru",1.4892,1.4698,0.0194,1.4973,1.4925,0.0048,11
2001-06-23 20:33:14.130000,8.4,"6 km SSW of Atico, Peru",1.4698,1.5000,-0.0302,1.4317,1.4981,-0.0665,12
2001-06-03 02:41:57.160000,7.2,"Kermadec Islands, New Zealand",1.4564,1.5000,-0.0436,1.4892,1.4698,0.0194,11
2001-02-24 07:23:48.730000,7.1,"137 km WNW of Ternate, Indonesia",1.5000,1.4756,0.0244,1.4564,1.4973,-0.0409,10
2001-02-13 19:28:30.260000,7.4,"102 km SSE of Bengkulu, Indonesia",1.4892,1.4973,-0.0081,1.4756,1.4892,-0.0136,10
2001-01-26 03:16:40.500000,7.7,"17 km NW of Bhach?u, India",1.4830,1.4925,-0.0094,1.4981,1.4981,0.0000,12
2001-01-13 17:33:32.380000,7.7,"28 km SSW of Puerto El Triunfo, El Salvador",1.4564,1.5000,-0.0436,1.4564,1.4925,-0.0361,11
2001-01-09 16:49:28,7.1,"16 km NE of Port-Olry, Vanuatu",1.4756,1.4011,0.0745,1.4756,1.4973,-0.0217,10
2001-01-01 06:57:04.170000,7.5,"21 km SE of Lukatan, Philippines",1.4830,1.5000,-0.0170,1.4958,1.4830,0.0127,8
2000-12-06 17:11:06.400000,7.0,"37 km E of Balkanabat, Turkmenistan",1.5000,1.4925,0.0075,1.5000,1.4925,0.0075,11
2000-11-17 21:01:56.490000,7.8,"138 km SSW of Kokopo, Papua New Guinea",1.4317,1.4892,-0.0575,1.5000,1.4973,0.0027,10
2000-11-16 07:42:16.930000,7.8,"135 km SE of Kokopo, Papua New Guinea",1.4317,1.4892,-0.0575,1.4892,1.4973,-0.0081,10
2000-11-16 04:54:56.740000,8.0,2000 New Ireland Earthquake,1.5000,1.5000,0.0000,1.4756,1.4892,-0.0136,10
2000-10-29 08:37:08.770000,7.0,"191 km ESE of Kokopo, Papua New Guinea",1.4973,1.4973,0.0000,1.4892,1.4973,-0.0081,10
2000-10-04 16:58:44.310000,7.0,"29 km WNW of Luganville, Vanuatu",1.4892,1.4981,-0.0090,1.4756,1.4527,0.0229,11
2000-08-06 07:27:12.900000,7.4,"Bonin Islands, Japan region",1.4925,1.4981,-0.0056,1.4830,1.4981,-0.0151,12
2000-06-18 14:44:13.310000,7.9,South Indian Ocean,1.5000,1.5000,0.0000,1.4958,1.4756,0.0202,9
2000-06-04 16:28:26.170000,7.9,"103 km S of Bengkulu, Indonesia",1.4973,1.4527,0.0446,1.5000,1.4981,0.0019,11
2000-05-12 18:43:18.120000,7.2,"75 km N of San Antonio de los Cobres, Argentina",1.4756,1.5000,-0.0244,1.4892,1.4564,0.0327,10
2000-05-04 04:21:16.210000,7.6,"89 km E of Luwuk, Indonesia",1.4892,1.4830,0.0061,1.4973,1.5000,-0.0027,11
2000-04-23 09:27:23.320000,7.0,"22 km NW of Añatuya, Argentina",1.4925,1.4698,0.0227,1.4925,1.3774,0.1150,12
2000-03-28 11:00:22.510000,7.6,"Volcano Islands, Japan region",1.4892,1.4830,0.0061,1.4973,1.4981,-0.0008,11
2000-02-25 01:43:58.640000,7.1,Vanuatu region,1.4981,1.4698,0.0283,1.4830,1.4981,-0.0151,12
2000-01-08 16:47:20.580000,7.2,"117 km SSW of Hihifo, Tonga",1.4892,1.5000,-0.0108,1.4973,1.4756,0.0217,10
